model,cindex,ibs,rank_cindex,rank_ibs
gbsa,0.894695187441911,0.0779911768074974,1.0,2.0
weibull_aft,0.8863221669483362,0.08454520525954397,2.0,3.0
rsf,0.8806417616216875,0.07411945426894484,3.0,1.0
coxnet,0.8767663309524891,0.09270393126724183,4.0,4.0
cox_ph,0.8627742093642041,0.10307276682939721,5.0,5.0
